customer_id,first_name,last_name,email,region,signup_date
C00001,Priya,Brown,,Midwest,2022-10-13
C00002,Lucas,Brown,lucas.brown2@example.com,West,2024-05-14
C00003,Maria,Smith,maria.smith3@example.com,Southeast,2022-02-24
C00004,Sophia,Miller,sophia.miller4@example.com,West,2024-07-08
C00005,Ethan,Rodriguez,ethan.rodriguez5@example.com,Northeast,2022-11-23
C00006,Anna,Allen,anna.allen6@example.com,Southeast,2023-11-21
C00007,Linda,Williams,linda.williams7@example.com,Midwest,2023-06-26
C00008,Yuki,Johnson,yuki.johnson8@example.com,West,2024-02-15
C00009,Robert,Scott,robert.scott9@example.com,West,2024-01-11
C00010,Ethan,Miller,ethan.miller10@example.com,Northeast,2023-08-16
C00011,Robert,Cohen,robert.cohen11@example.com,Northeast,2024-07-17
C00012,Priya,Silva,priya.silva12@example.com,Midwest,2023-07-01
C00013,Anna,Rossi,anna.rossi13@example.com,Northeast,2022-12-17
C00014,Sophia,Chen,sophia.chen14@example.com,Southwest,2023-03-26
C00015,Jamal,Lee,jamal.lee15@example.com,Northeast,2022-03-07
C00016,Yuki,Lee,yuki.lee16@example.com,Northeast,2023-10-07
C00017,David,Patel,david.patel17@example.com,Southwest,2022-10-13
C00018,Jennifer,Chen,jennifer.chen18@example.com,Midwest,2024-05-27
C00019,Diego,Torres,diego.torres19@example.com,Southeast,2022-10-11
C00020,Liam,King,liam.king20@example.com,Northeast,2022-11-10
C00021,Priya,Garcia,priya.garcia21@example.com,Southwest,2024-02-28
C00022,Wei,Nguyen,wei.nguyen22@example.com,West,2022-01-24
C00023,Jamal,Chen,jamal.chen23@example.com,West,2023-11-28
C00024,Linda,Martinez,linda.martinez24@example.com,,2023-06-24
C00025,Liam,Wang,liam.wang25@example.com,Northeast,2023-09-04
C00026,Omar,Patel,omar.patel26@example.com,Southeast,2022-11-27
C00027,Sophia,Wang,sophia.wang27@example.com,Northeast,2024-09-27
C00028,James,Brown,james.brown28@example.com,Midwest,2023-05-09
C00029,Diego,Torres,diego.torres29@example.com,Northeast,2022-05-22
C00030,Mia,Scott,mia.scott30@example.com,Southeast,2022-12-05
C00031,William,Wright,william.wright31@example.com,Southwest,2023-02-16
C00032,Anna,Martinez,anna.martinez32@example.com,Midwest,2024-11-25
C00033,Noah,Brown,noah.brown33@example.com,Northeast,2023-04-17
C00034,Ethan,Davis,,Northeast,2022-03-06
C00035,Grace,Lee,grace.lee35@example.com,Southeast,2024-09-21
C00036,David,Scott,david.scott36@example.com,West,2023-05-13
C00037,Yuki,King,yuki.king37@example.com,Southeast,2024-06-01
C00038,Aisha,Allen,aisha.allen38@example.com,Northeast,2022-07-21
C00039,Maria,Hall,maria.hall39@example.com,Northeast,2023-01-25
C00040,Sophia,Young,sophia.young40@example.com,Southeast,2023-05-27
C00041,Grace,Rossi,grace.rossi41@example.com,West,2022-01-31
C00042,Robert,Rossi,robert.rossi42@example.com,Southeast,2024-09-21
C00043,Olivia,Miller,olivia.miller43@example.com,Northeast,2022-01-05
C00044,Wei,Rodriguez,wei.rodriguez44@example.com,Southwest,2024-09-23
C00045,Michael,Miller,michael.miller45@example.com,Northeast,2022-05-05
C00046,Lucas,Lee,lucas.lee46@example.com,West,2024-12-23
C00047,Patricia,Johnson,patricia.johnson47@example.com,Northeast,2022-05-21
C00048,Ava,Williams,ava.williams48@example.com,Southeast,2023-05-20
C00049,Ethan,Nguyen,ethan.nguyen49@example.com,Northeast,2024-12-06
C00050,Carlos,Rossi,carlos.rossi50@example.com,Midwest,2024-03-21
C00051,Michael,Kim,michael.kim51@example.com,Southwest,2022-05-29
C00052,James,Young,james.young52@example.com,West,2022-05-31
C00053,Sophia,Miller,sophia.miller53@example.com,Southeast,2022-05-21
C00054,Diego,Davis,diego.davis54@example.com,Southeast,2023-09-12
C00055,Ava,Kumar,ava.kumar55@example.com,Northeast,2023-09-06
C00056,Chen,Kim,chen.kim56@example.com,Southeast,2022-08-08
C00057,Lucas,Scott,lucas.scott57@example.com,Midwest,2023-12-04
C00058,David,Kim,david.kim58@example.com,Midwest,2023-05-30
C00059,Diego,Rossi,diego.rossi59@example.com,Northeast,2023-07-21
C00060,Maria,Smith,maria.smith60@example.com,Southeast,2023-06-21
C00061,Patricia,Chen,patricia.chen61@example.com,Southwest,2022-08-18
C00062,Robert,Muller,robert.muller62@example.com,Southeast,2024-01-27
C00063,Ethan,Scott,ethan.scott63@example.com,Southeast,2024-01-17
C00064,Diego,Rossi,diego.rossi64@example.com,Northeast,2023-03-07
C00065,Jamal,Davis,jamal.davis65@example.com,Midwest,2024-04-12
C00066,Ava,Chen,ava.chen66@example.com,Southeast,2022-12-29
C00067,Diego,Allen,,Midwest,2024-04-23
C00068,Yuki,Kim,yuki.kim68@example.com,Southeast,2022-08-10
C00069,Wei,Cohen,wei.cohen69@example.com,Southwest,2024-07-31
C00070,Aisha,Martinez,aisha.martinez70@example.com,Southeast,2023-01-31
C00071,Wei,Lee,wei.lee71@example.com,Northeast,2023-07-26
C00072,Aisha,Patel,aisha.patel72@example.com,West,2022-02-26
C00073,Linda,Muller,linda.muller73@example.com,Southeast,2023-06-28
C00074,Maria,Brown,maria.brown74@example.com,Midwest,2023-10-05
C00075,Fatima,Nguyen,fatima.nguyen75@example.com,Northeast,2023-01-25
C00076,William,Johnson,william.johnson76@example.com,Northeast,2023-02-08
C00077,Aisha,Allen,aisha.allen77@example.com,Midwest,2022-09-13
C00078,Lucas,Muller,lucas.muller78@example.com,Midwest,2023-10-31
C00079,Wei,Ali,wei.ali79@example.com,Southeast,2024-02-16
C00080,Jamal,Chen,jamal.chen80@example.com,West,2024-04-11
C00081,Sophia,Silva,,Midwest,2023-10-22
C00082,Noah,Young,noah.young82@example.com,Southeast,2022-12-14
C00083,Jamal,Williams,jamal.williams83@example.com,West,2023-04-27
C00084,Jamal,Martinez,jamal.martinez84@example.com,Southeast,2022-04-05
C00085,Jennifer,King,jennifer.king85@example.com,Northeast,2023-02-03
C00086,Anna,Ali,anna.ali86@example.com,Southwest,2022-01-12
C00087,Diego,Wang,diego.wang87@example.com,Northeast,2023-03-25
C00088,Patricia,Kumar,patricia.kumar88@example.com,West,2023-05-26
C00089,Chen,Cohen,chen.cohen89@example.com,Southeast,2024-12-23
C00090,Sophia,Nguyen,sophia.nguyen90@example.com,Southwest,2024-10-30
C00091,Fatima,Silva,fatima.silva91@example.com,Southwest,2024-08-30
C00092,Noah,Rodriguez,noah.rodriguez92@example.com,Midwest,2024-12-03
C00093,Olivia,Patel,olivia.patel93@example.com,Southwest,2023-08-09
C00094,Jennifer,Rodriguez,jennifer.rodriguez94@example.com,West,2022-11-05
C00095,Jennifer,Hall,jennifer.hall95@example.com,Southeast,2024-04-14
C00096,Carlos,Scott,carlos.scott96@example.com,Northeast,2024-05-10
C00097,Wei,Muller,wei.muller97@example.com,Northeast,2024-02-19
C00098,Olivia,Smith,olivia.smith98@example.com,Midwest,2024-05-08
C00099,Sophia,Chen,sophia.chen99@example.com,West,2024-09-26
C00100,Jennifer,Rodriguez,jennifer.rodriguez100@example.com,Northeast,2024-04-08
C00101,Lucas,Garcia,lucas.garcia101@example.com,Southeast,2024-12-29
C00102,James,Rossi,james.rossi102@example.com,West,2022-06-21
C00103,Priya,Allen,priya.allen103@example.com,Southwest,2023-06-17
C00104,Wei,Lee,wei.lee104@example.com,Midwest,2024-02-16
C00105,William,Wang,william.wang105@example.com,Southwest,2022-06-17
C00106,Olivia,Smith,olivia.smith106@example.com,Northeast,2023-12-18
C00107,Jennifer,Patel,jennifer.patel107@example.com,Northeast,2023-05-22
C00108,David,Silva,,Southeast,2024-08-27
C00109,Jamal,Brown,jamal.brown109@example.com,Southeast,2023-06-09
C00110,Mia,Walker,mia.walker110@example.com,West,2022-08-23
C00111,Mia,Silva,mia.silva111@example.com,Midwest,2022-02-22
C00112,Chen,Martinez,chen.martinez112@example.com,Southwest,2023-02-11
C00113,Robert,Torres,robert.torres113@example.com,Southeast,2023-09-10
C00114,Grace,Kim,grace.kim114@example.com,Northeast,2022-03-26
C00115,Aisha,Scott,aisha.scott115@example.com,Midwest,2023-11-30
C00116,James,Cohen,james.cohen116@example.com,Southwest,2024-01-12
C00117,Priya,Muller,priya.muller117@example.com,Southeast,2024-12-04
C00118,Priya,Rodriguez,priya.rodriguez118@example.com,West,2024-08-10
C00119,Fatima,Silva,fatima.silva119@example.com,Midwest,2023-05-18
C00120,Omar,Rossi,omar.rossi120@example.com,Southwest,2024-08-09
C00121,Ethan,Nguyen,ethan.nguyen121@example.com,Midwest,2023-10-28
C00122,Patricia,King,patricia.king122@example.com,Midwest,2023-07-20
C00123,Sophia,Smith,sophia.smith123@example.com,Southeast,2024-04-12
C00124,Olivia,Scott,olivia.scott124@example.com,Southwest,2024-10-02
C00125,Noah,Kumar,,Midwest,2023-05-14
C00126,Elizabeth,Kim,elizabeth.kim126@example.com,Southwest,2023-12-06
C00127,Fatima,Chen,fatima.chen127@example.com,Midwest,2023-07-09
C00128,Elizabeth,Rodriguez,elizabeth.rodriguez128@example.com,Southeast,2023-01-15
C00129,David,Miller,david.miller129@example.com,Midwest,2024-12-10
C00130,Ava,Martinez,ava.martinez130@example.com,Southeast,2024-01-10
C00131,Patricia,Martinez,,West,2022-04-04
C00132,Maria,Scott,maria.scott132@example.com,Southeast,2024-10-02
C00133,Linda,Cohen,,Midwest,2024-06-21
C00134,Carlos,Garcia,carlos.garcia134@example.com,Midwest,2024-09-05
C00135,Linda,Silva,linda.silva135@example.com,Southwest,2022-04-20
C00136,Michael,Jones,michael.jones136@example.com,Midwest,2023-05-24
C00137,Linda,Scott,linda.scott137@example.com,West,2023-04-08
C00138,Mia,Wright,mia.wright138@example.com,Southwest,2024-05-28
C00139,Elizabeth,Torres,elizabeth.torres139@example.com,West,2022-07-23
C00140,Mia,Miller,mia.miller140@example.com,Midwest,2022-11-18
C00141,Jennifer,Garcia,jennifer.garcia141@example.com,,2024-07-11
C00142,Anna,Nguyen,anna.nguyen142@example.com,Northeast,2023-08-03
C00143,Anna,Cohen,anna.cohen143@example.com,Southeast,2023-02-10
C00144,Fatima,Brown,fatima.brown144@example.com,Southeast,2022-10-19
C00145,Robert,Johnson,robert.johnson145@example.com,Midwest,2023-08-15
C00146,Noah,Brown,noah.brown146@example.com,Midwest,2023-07-12
C00147,Liam,Scott,liam.scott147@example.com,Northeast,2024-06-03
C00148,Lucas,Lee,lucas.lee148@example.com,Northeast,2022-02-12
C00149,Mia,Kim,mia.kim149@example.com,West,2022-12-25
C00150,Olivia,Wright,olivia.wright150@example.com,Midwest,2024-06-11
C00151,Priya,Silva,priya.silva151@example.com,Northeast,2024-04-16
C00152,Carlos,Lee,carlos.lee152@example.com,Southeast,2024-10-11
C00153,Elizabeth,Kim,elizabeth.kim153@example.com,West,2022-06-30
C00154,Carlos,Rodriguez,carlos.rodriguez154@example.com,Southwest,2022-01-03
C00155,Jamal,Cohen,jamal.cohen155@example.com,Southwest,2024-11-27
C00156,Aisha,Nguyen,aisha.nguyen156@example.com,Southwest,2023-02-21
C00157,William,Scott,william.scott157@example.com,Midwest,2024-09-19
C00158,Linda,Smith,linda.smith158@example.com,West,2022-11-21
C00159,Elizabeth,Scott,,Southwest,2022-08-21
C00160,Noah,Brown,noah.brown160@example.com,Southeast,2023-08-21
C00161,Liam,Ali,liam.ali161@example.com,Southwest,2023-05-15
C00162,Noah,Scott,noah.scott162@example.com,Southeast,2024-11-06
C00163,Lucas,Muller,lucas.muller163@example.com,Northeast,2024-04-29
C00164,Carlos,Rossi,carlos.rossi164@example.com,Midwest,2023-08-03
C00165,Lucas,Martinez,lucas.martinez165@example.com,West,2024-09-29
C00166,Grace,Jones,grace.jones166@example.com,Southwest,2024-02-12
C00167,Noah,Rossi,noah.rossi167@example.com,Southeast,2023-05-05
C00168,Ethan,Hall,ethan.hall168@example.com,Southwest,2024-08-26
C00169,Anna,Rossi,anna.rossi169@example.com,Southwest,2022-11-08
C00170,Olivia,Johnson,olivia.johnson170@example.com,West,2022-07-25
C00171,Grace,Cohen,grace.cohen171@example.com,West,2022-02-01
C00172,Lucas,Jones,lucas.jones172@example.com,Southeast,2023-06-27
C00173,Carlos,Nguyen,carlos.nguyen173@example.com,Northeast,2024-12-28
C00174,Wei,Lee,wei.lee174@example.com,Southwest,2022-03-15
C00175,Ava,Williams,ava.williams175@example.com,Midwest,2022-07-05
C00176,Fatima,Brown,fatima.brown176@example.com,Northeast,2023-09-06
C00177,Diego,Smith,diego.smith177@example.com,Northeast,2024-02-07
C00178,Fatima,Jones,fatima.jones178@example.com,Southwest,2023-01-04
C00179,Patricia,Garcia,patricia.garcia179@example.com,Southwest,2023-05-09
C00180,Olivia,Rossi,olivia.rossi180@example.com,Southeast,2023-06-05
C00181,Noah,Rodriguez,noah.rodriguez181@example.com,Southwest,2022-11-20
C00182,Robert,Young,robert.young182@example.com,West,2024-05-18
C00183,Anna,Rodriguez,anna.rodriguez183@example.com,Midwest,2024-02-27
C00184,Grace,King,grace.king184@example.com,Southwest,2023-08-29
C00185,Anna,Martinez,,Southwest,2022-04-11
C00186,Chen,Nguyen,chen.nguyen186@example.com,Midwest,2023-04-17
C00187,Ava,Kumar,ava.kumar187@example.com,Southeast,2022-10-08
C00188,Priya,Brown,priya.brown188@example.com,Northeast,2024-06-21
C00189,Maria,Torres,maria.torres189@example.com,Southeast,2023-08-28
C00190,Carlos,Chen,carlos.chen190@example.com,Southeast,2024-01-20
C00191,Liam,Wright,liam.wright191@example.com,Southeast,2024-09-13
C00192,Yuki,Martinez,yuki.martinez192@example.com,Midwest,2024-08-17
C00193,Robert,Jones,robert.jones193@example.com,Southeast,2024-03-24
C00194,Grace,Kumar,grace.kumar194@example.com,Northeast,2022-01-29
C00195,William,Scott,william.scott195@example.com,Midwest,2023-06-21
C00196,Ethan,Hall,ethan.hall196@example.com,Midwest,2023-04-24
C00197,Olivia,Smith,olivia.smith197@example.com,West,2023-03-30
C00198,Priya,Williams,priya.williams198@example.com,Southwest,2023-09-11
C00199,Priya,Allen,priya.allen199@example.com,Northeast,2023-09-16
C00200,Olivia,Brown,olivia.brown200@example.com,West,2024-07-18
C00201,Aisha,Kim,aisha.kim201@example.com,West,2022-11-13
C00202,Diego,Allen,diego.allen202@example.com,Southwest,2023-07-27
C00203,Maria,Ali,maria.ali203@example.com,Southwest,2023-04-29
C00204,Grace,Walker,grace.walker204@example.com,Midwest,2024-01-05
C00205,Maria,Hall,maria.hall205@example.com,Northeast,2024-07-20
C00206,Robert,Kim,robert.kim206@example.com,West,2022-04-14
C00207,Yuki,Lee,yuki.lee207@example.com,Southeast,2023-02-25
C00208,Robert,Silva,robert.silva208@example.com,Southeast,2023-04-23
C00209,Carlos,Wang,carlos.wang209@example.com,,2022-10-24
C00210,Michael,Scott,michael.scott210@example.com,Southeast,2022-02-22
C00211,Michael,Smith,michael.smith211@example.com,Southeast,2022-02-02
C00212,Patricia,Rodriguez,patricia.rodriguez212@example.com,Southwest,2022-05-11
C00213,Olivia,Young,olivia.young213@example.com,West,2024-07-14
C00214,Liam,Davis,liam.davis214@example.com,Northeast,2024-12-03
C00215,Elizabeth,Young,elizabeth.young215@example.com,Northeast,2024-09-07
C00216,Grace,Hall,grace.hall216@example.com,Northeast,2024-06-27
C00217,Robert,Muller,robert.muller217@example.com,West,2022-09-16
C00218,William,Nguyen,william.nguyen218@example.com,West,2024-02-20
C00219,Ava,Wright,ava.wright219@example.com,West,2022-07-23
C00220,Yuki,Ali,yuki.ali220@example.com,West,2023-03-17
C00221,Fatima,Young,fatima.young221@example.com,Southwest,2024-07-17
C00222,Wei,Allen,wei.allen222@example.com,Midwest,2023-06-07
C00223,Aisha,Jones,aisha.jones223@example.com,Southwest,2022-06-24
C00224,Robert,Allen,robert.allen224@example.com,Midwest,2022-05-03
C00225,Ethan,Scott,ethan.scott225@example.com,Northeast,2024-05-16
C00226,Grace,Rossi,grace.rossi226@example.com,Midwest,2023-12-22
C00227,Linda,Torres,linda.torres227@example.com,Southeast,2023-04-05
C00228,Grace,Brown,grace.brown228@example.com,West,2023-07-25
C00229,Ethan,Davis,ethan.davis229@example.com,West,2022-02-23
C00230,Ava,Rossi,ava.rossi230@example.com,Midwest,2023-07-14
C00231,Anna,Wang,anna.wang231@example.com,Midwest,2023-01-07
C00232,Grace,Jones,grace.jones232@example.com,Southwest,2022-03-04
C00233,Robert,Chen,robert.chen233@example.com,Southwest,2023-11-30
C00234,Patricia,Walker,patricia.walker234@example.com,Midwest,2022-06-23
C00235,Diego,Johnson,diego.johnson235@example.com,West,2022-06-17
C00236,William,Young,william.young236@example.com,Southwest,2024-04-28
C00237,William,Miller,william.miller237@example.com,Northeast,2022-08-16
C00238,Elizabeth,Kim,elizabeth.kim238@example.com,Southwest,2023-09-24
C00239,Maria,Davis,maria.davis239@example.com,West,2023-02-23
C00240,Elizabeth,Miller,elizabeth.miller240@example.com,Midwest,2022-09-03
C00241,James,King,james.king241@example.com,Southeast,2024-12-26
C00242,Anna,Davis,anna.davis242@example.com,Midwest,2022-03-28
C00243,Fatima,Smith,fatima.smith243@example.com,Northeast,2024-05-29
C00244,Ethan,Hall,ethan.hall244@example.com,Southwest,2024-04-09
C00245,James,Lee,james.lee245@example.com,West,2024-01-12
C00246,Robert,Allen,robert.allen246@example.com,Southeast,2024-03-31
C00247,Liam,Williams,liam.williams247@example.com,Midwest,2023-03-30
C00248,Carlos,Wang,carlos.wang248@example.com,West,2024-12-22
C00249,Liam,Miller,liam.miller249@example.com,Midwest,2022-10-30
C00250,Jennifer,Brown,jennifer.brown250@example.com,Southeast,2022-11-10
C00251,Mia,Wang,mia.wang251@example.com,Southeast,2024-10-08
C00252,Noah,Wang,noah.wang252@example.com,West,2023-10-24
C00253,Grace,Patel,grace.patel253@example.com,Southwest,2024-06-24
C00254,Priya,Martinez,priya.martinez254@example.com,West,2024-11-05
C00255,Robert,Martinez,robert.martinez255@example.com,Northeast,2023-08-11
C00256,Robert,Patel,robert.patel256@example.com,Northeast,2024-11-04
C00257,Wei,Young,wei.young257@example.com,Northeast,2023-01-21
C00258,Carlos,Nguyen,carlos.nguyen258@example.com,Southeast,2024-07-11
C00259,Linda,Kumar,linda.kumar259@example.com,Midwest,2022-06-22
C00260,Liam,Patel,liam.patel260@example.com,Southeast,2024-06-18
C00261,Liam,Wright,liam.wright261@example.com,Midwest,2023-08-03
C00262,Wei,Allen,wei.allen262@example.com,West,2023-11-17
C00263,Robert,Lee,robert.lee263@example.com,Southwest,2022-11-04
C00264,Carlos,Williams,carlos.williams264@example.com,Southeast,2023-09-28
C00265,Priya,Ali,priya.ali265@example.com,Southeast,2022-06-23
C00266,Elizabeth,Scott,elizabeth.scott266@example.com,Midwest,2024-12-14
C00267,Robert,Patel,robert.patel267@example.com,West,2024-01-13
C00268,Elizabeth,Garcia,elizabeth.garcia268@example.com,Midwest,2024-09-22
C00269,David,Davis,david.davis269@example.com,Southeast,2022-07-27
C00270,Liam,Wang,liam.wang270@example.com,West,2023-11-21
C00271,Diego,Wang,diego.wang271@example.com,West,2022-11-29
C00272,Patricia,Silva,patricia.silva272@example.com,West,2022-12-06
C00273,Lucas,Young,lucas.young273@example.com,Midwest,2023-05-02
C00274,Noah,Nguyen,noah.nguyen274@example.com,Southwest,2023-05-05
C00275,Elizabeth,Kumar,elizabeth.kumar275@example.com,Southeast,2024-06-21
C00276,Noah,Wang,noah.wang276@example.com,Southwest,2024-05-07
C00277,Patricia,Silva,patricia.silva277@example.com,West,2023-05-28
C00278,Maria,Patel,maria.patel278@example.com,Midwest,2022-07-30
C00279,Anna,Cohen,anna.cohen279@example.com,Northeast,2022-11-25
C00280,William,Young,william.young280@example.com,Southeast,2022-07-07
C00281,Chen,Davis,chen.davis281@example.com,Midwest,2024-04-29
C00282,Maria,Hall,maria.hall282@example.com,Southeast,2022-06-17
C00283,Aisha,Davis,,Northeast,2023-11-18
C00284,Yuki,Jones,yuki.jones284@example.com,Midwest,2024-08-25
C00285,Anna,Silva,anna.silva285@example.com,Southwest,2022-01-11
C00286,Diego,Williams,,Southeast,2024-12-16
C00287,Fatima,Brown,fatima.brown287@example.com,Southeast,2022-04-08
C00288,Jennifer,Allen,jennifer.allen288@example.com,West,2022-08-16
C00289,Omar,Muller,omar.muller289@example.com,,2024-11-21
C00290,Ethan,Davis,ethan.davis290@example.com,Midwest,2023-12-24
C00291,Jennifer,Torres,jennifer.torres291@example.com,Northeast,2024-01-09
C00292,Robert,Wright,robert.wright292@example.com,West,2024-03-10
C00293,Grace,King,grace.king293@example.com,Southwest,2023-06-04
C00294,Lucas,Smith,lucas.smith294@example.com,Northeast,2022-08-01
C00295,Mia,Torres,mia.torres295@example.com,Midwest,2023-12-23
C00296,Sophia,Lee,sophia.lee296@example.com,Southeast,2024-08-09
C00297,Anna,King,anna.king297@example.com,Southeast,2024-07-26
C00298,Maria,Martinez,maria.martinez298@example.com,Southeast,2023-10-09
C00299,Chen,Martinez,chen.martinez299@example.com,West,2022-03-16
C00300,Mia,Patel,mia.patel300@example.com,Midwest,2022-04-08
C00301,Grace,Patel,grace.patel301@example.com,Northeast,2024-06-13
C00302,Diego,Hall,diego.hall302@example.com,Southwest,2023-01-18
C00303,Olivia,Ali,olivia.ali303@example.com,West,2022-06-19
C00304,Lucas,Allen,lucas.allen304@example.com,West,2023-01-05
C00305,Sophia,Martinez,sophia.martinez305@example.com,Northeast,2023-08-29
C00306,Elizabeth,Young,elizabeth.young306@example.com,Southwest,2024-06-28
C00307,Aisha,Young,aisha.young307@example.com,Midwest,2024-06-09
C00308,William,Patel,william.patel308@example.com,Northeast,2024-04-11
C00309,Aisha,Wright,aisha.wright309@example.com,Southeast,2022-10-20
C00310,Grace,Nguyen,grace.nguyen310@example.com,Southwest,2022-05-18
C00311,Jennifer,Wang,jennifer.wang311@example.com,Midwest,2022-03-08
C00312,Ava,Jones,ava.jones312@example.com,Midwest,2022-06-07
C00313,Ethan,Jones,ethan.jones313@example.com,Southwest,2023-07-25
C00314,Jennifer,Brown,,Southeast,2024-03-03
C00315,Chen,Scott,chen.scott315@example.com,Midwest,2023-03-16
C00316,Ava,Martinez,ava.martinez316@example.com,Southwest,2022-10-05
C00317,Grace,Williams,grace.williams317@example.com,Southwest,2023-10-17
C00318,Jamal,Walker,jamal.walker318@example.com,West,2023-09-07
C00319,Grace,Garcia,grace.garcia319@example.com,Southeast,2024-11-07
C00320,Jennifer,Brown,jennifer.brown320@example.com,Southeast,2024-10-08
C00321,James,Walker,james.walker321@example.com,Midwest,2022-09-23
C00322,Ava,Muller,ava.muller322@example.com,Midwest,2024-09-07
C00323,Liam,Allen,liam.allen323@example.com,West,2023-10-12
C00324,Priya,Williams,priya.williams324@example.com,West,2023-01-08
C00325,Mia,Jones,mia.jones325@example.com,Northeast,2024-11-27
C00326,Michael,Martinez,michael.martinez326@example.com,Midwest,2023-04-07
C00327,Aisha,Wright,aisha.wright327@example.com,Northeast,2023-07-17
C00328,Michael,Patel,michael.patel328@example.com,West,2022-12-12
C00329,Ethan,Torres,ethan.torres329@example.com,West,2023-11-23
C00330,Omar,Rossi,omar.rossi330@example.com,Northeast,2023-06-27
C00331,Priya,Miller,priya.miller331@example.com,Southwest,2022-03-04
C00332,Olivia,Muller,olivia.muller332@example.com,Midwest,2023-09-11
C00333,Olivia,Davis,olivia.davis333@example.com,Southwest,2022-05-30
C00334,Anna,Johnson,anna.johnson334@example.com,Southwest,2023-02-22
C00335,Carlos,Nguyen,carlos.nguyen335@example.com,Midwest,2023-12-09
C00336,Wei,Jones,wei.jones336@example.com,West,2023-10-16
C00337,Jennifer,Young,jennifer.young337@example.com,Southwest,2022-07-18
C00338,Maria,Martinez,maria.martinez338@example.com,West,2022-11-24
C00339,Omar,Lee,omar.lee339@example.com,Midwest,2022-11-23
C00340,Olivia,Wright,olivia.wright340@example.com,Midwest,2022-07-04
C00341,Wei,Wright,wei.wright341@example.com,Southeast,2023-12-24
C00342,Maria,Johnson,maria.johnson342@example.com,West,2024-08-21
C00343,Elizabeth,Scott,,Northeast,2023-06-26
C00344,Lucas,Walker,lucas.walker344@example.com,Midwest,2022-04-15
C00345,Ethan,Scott,ethan.scott345@example.com,West,2024-03-02
C00346,Liam,Young,liam.young346@example.com,Midwest,2022-09-01
C00347,Michael,Brown,michael.brown347@example.com,Midwest,2024-01-19
C00348,Mia,Jones,mia.jones348@example.com,West,2022-03-24
C00349,Maria,Johnson,maria.johnson349@example.com,Midwest,2024-11-29
C00350,Noah,Jones,noah.jones350@example.com,West,2023-10-15
C00351,Patricia,Hall,patricia.hall351@example.com,Midwest,2024-11-04
C00352,Omar,Wright,omar.wright352@example.com,West,2022-02-04
C00353,Aisha,Lee,aisha.lee353@example.com,Southwest,2022-02-24
C00354,Ava,King,ava.king354@example.com,West,2022-04-16
C00355,Ethan,King,ethan.king355@example.com,West,2024-02-18
C00356,Michael,Silva,michael.silva356@example.com,Northeast,2022-08-14
C00357,David,Smith,david.smith357@example.com,Southwest,2023-02-22
C00358,Fatima,Wright,fatima.wright358@example.com,Southwest,2022-05-08
C00359,Anna,Jones,anna.jones359@example.com,West,2024-09-06
C00360,Liam,Hall,liam.hall360@example.com,Southeast,2024-12-27
C00361,Carlos,Scott,carlos.scott361@example.com,Midwest,2023-01-29
C00362,Jennifer,Rodriguez,jennifer.rodriguez362@example.com,Southeast,2023-09-02
C00363,Mia,Martinez,mia.martinez363@example.com,Southwest,2023-12-16
C00364,Sophia,Rossi,sophia.rossi364@example.com,Midwest,2024-02-17
C00365,Diego,Hall,diego.hall365@example.com,Southeast,2023-08-13
C00366,Anna,Williams,anna.williams366@example.com,Southwest,2024-09-08
C00367,David,Miller,david.miller367@example.com,Midwest,2023-07-11
C00368,Michael,Brown,michael.brown368@example.com,West,2022-04-14
C00369,Jamal,Muller,jamal.muller369@example.com,Southeast,2024-04-26
C00370,Carlos,Ali,carlos.ali370@example.com,,2022-11-20
C00371,Fatima,Patel,fatima.patel371@example.com,Southwest,2023-02-13
C00372,Mia,Martinez,mia.martinez372@example.com,Northeast,2022-07-03
C00373,Priya,Torres,priya.torres373@example.com,Northeast,2022-12-25
C00374,Fatima,Muller,fatima.muller374@example.com,Northeast,2024-03-24
C00375,Yuki,King,yuki.king375@example.com,Midwest,2022-01-19
C00376,Elizabeth,Torres,elizabeth.torres376@example.com,Midwest,2024-12-09
C00377,Olivia,Muller,olivia.muller377@example.com,West,2023-01-30
C00378,Yuki,Brown,yuki.brown378@example.com,Southwest,2023-01-17
C00379,James,Chen,james.chen379@example.com,Midwest,2023-01-31
C00380,Patricia,Nguyen,patricia.nguyen380@example.com,Southwest,2024-11-21
C00381,Carlos,Williams,carlos.williams381@example.com,Northeast,2022-10-15
C00382,Olivia,Lee,olivia.lee382@example.com,Northeast,2023-04-28
C00383,Noah,Wang,noah.wang383@example.com,Midwest,2022-01-24
C00384,William,Patel,william.patel384@example.com,Southeast,2022-08-31
C00385,Noah,Martinez,noah.martinez385@example.com,West,2023-09-29
C00386,Anna,Brown,anna.brown386@example.com,Midwest,2023-03-29
C00387,Jennifer,Jones,jennifer.jones387@example.com,Southwest,2024-02-05
C00388,Fatima,Ali,fatima.ali388@example.com,Southwest,2023-03-24
C00389,Mia,Davis,mia.davis389@example.com,West,2022-06-17
C00390,Liam,Young,liam.young390@example.com,Midwest,2022-08-18
C00391,Maria,Silva,maria.silva391@example.com,West,2022-11-03
C00392,Patricia,Lee,patricia.lee392@example.com,Southwest,2023-02-25
C00393,Anna,Torres,anna.torres393@example.com,West,2022-04-24
C00394,Noah,Jones,noah.jones394@example.com,Southwest,2024-08-04
C00395,Jamal,Kumar,jamal.kumar395@example.com,Northeast,2022-01-07
C00396,Lucas,Miller,lucas.miller396@example.com,Northeast,2022-05-11
C00397,Sophia,Johnson,sophia.johnson397@example.com,Northeast,2024-08-24
C00398,Maria,Martinez,maria.martinez398@example.com,Southeast,2024-05-10
C00399,Aisha,Muller,aisha.muller399@example.com,Southwest,2022-09-30
C00400,Priya,Cohen,priya.cohen400@example.com,Southeast,2024-03-15
C00401,Liam,Jones,liam.jones401@example.com,Southeast,2022-02-16
C00402,Elizabeth,Young,elizabeth.young402@example.com,West,2024-02-16
C00403,Omar,Davis,omar.davis403@example.com,Midwest,2023-01-22
C00404,Chen,Muller,chen.muller404@example.com,Northeast,2024-05-08
C00405,Ava,Wang,ava.wang405@example.com,Northeast,2022-05-18
C00406,Linda,Nguyen,linda.nguyen406@example.com,West,2022-04-10
C00407,Jennifer,Chen,jennifer.chen407@example.com,Southwest,2023-03-21
C00408,Mia,Cohen,mia.cohen408@example.com,Southeast,2023-08-16
C00409,Jennifer,Silva,jennifer.silva409@example.com,West,2023-10-19
C00410,Jennifer,Martinez,jennifer.martinez410@example.com,West,2023-09-08
C00411,William,Johnson,william.johnson411@example.com,West,2022-12-25
C00412,Priya,Kim,priya.kim412@example.com,Southwest,2023-12-07
C00413,Priya,Kim,priya.kim413@example.com,West,2024-05-02
C00414,Fatima,Jones,fatima.jones414@example.com,Southeast,2024-08-27
C00415,Jennifer,Cohen,jennifer.cohen415@example.com,Southeast,2022-04-29
C00416,Sophia,Allen,sophia.allen416@example.com,West,2024-03-06
C00417,Jennifer,Rodriguez,jennifer.rodriguez417@example.com,Northeast,2024-01-30
C00418,Robert,Scott,robert.scott418@example.com,Southeast,2024-02-12
C00419,Jamal,Nguyen,jamal.nguyen419@example.com,Northeast,2023-03-21
C00420,Olivia,Miller,olivia.miller420@example.com,Midwest,2022-02-01
C00421,David,Rossi,david.rossi421@example.com,Northeast,2024-09-07
C00422,Chen,Davis,chen.davis422@example.com,Southeast,2023-05-06
C00423,Sophia,Lee,sophia.lee423@example.com,Southwest,2024-01-06
C00424,Elizabeth,Rodriguez,elizabeth.rodriguez424@example.com,Southwest,2024-08-19
C00425,Mia,Silva,mia.silva425@example.com,Southeast,2024-04-27
C00426,Maria,Torres,maria.torres426@example.com,,2024-05-05
C00427,Elizabeth,Jones,elizabeth.jones427@example.com,Southeast,2023-05-19
C00428,Olivia,Scott,olivia.scott428@example.com,Midwest,2024-09-27
C00429,Lucas,Patel,lucas.patel429@example.com,Southwest,2023-12-23
C00430,Patricia,Jones,patricia.jones430@example.com,Southwest,2022-05-01
C00431,Liam,Johnson,liam.johnson431@example.com,Northeast,2022-04-10
C00432,Mia,Smith,mia.smith432@example.com,Southeast,2022-11-06
C00433,James,Miller,james.miller433@example.com,Midwest,2024-09-16
C00434,Jamal,King,,West,2022-01-25
C00435,James,Wright,james.wright435@example.com,West,2022-02-05
C00436,Liam,Silva,liam.silva436@example.com,Southwest,2023-01-03
C00437,Linda,Rossi,linda.rossi437@example.com,Southeast,2024-12-14
C00438,William,Silva,william.silva438@example.com,Southwest,2024-04-11
C00439,Noah,Torres,noah.torres439@example.com,Southeast,2022-06-15
C00440,Priya,Cohen,priya.cohen440@example.com,Northeast,2024-02-16
C00441,Wei,Scott,wei.scott441@example.com,Northeast,2022-06-19
C00442,Olivia,Cohen,olivia.cohen442@example.com,Midwest,2022-07-15
C00443,Diego,Wright,diego.wright443@example.com,Southeast,2024-08-31
C00444,William,Johnson,william.johnson444@example.com,Midwest,2022-03-09
C00445,Patricia,Rossi,patricia.rossi445@example.com,Northeast,2022-10-23
C00446,Mia,Silva,mia.silva446@example.com,Southwest,2023-09-05
C00447,Patricia,Torres,patricia.torres447@example.com,Southwest,2023-11-11
C00448,Wei,Wang,wei.wang448@example.com,Northeast,2023-12-10
C00449,Maria,Brown,maria.brown449@example.com,Northeast,2024-03-23
C00450,Mia,Lee,,Midwest,2024-07-11
C00451,Olivia,Davis,olivia.davis451@example.com,Southwest,2024-02-18
C00452,Robert,Wang,robert.wang452@example.com,Southeast,2022-06-18
C00453,William,Jones,william.jones453@example.com,Southeast,2023-10-11
C00454,Aisha,Brown,aisha.brown454@example.com,Midwest,2023-07-07
C00455,Linda,Jones,linda.jones455@example.com,Southwest,2024-11-15
C00456,Fatima,Brown,,Midwest,2023-10-27
C00457,Grace,Hall,,Southwest,2022-06-23
C00458,Lucas,Muller,lucas.muller458@example.com,Southeast,2022-12-14
C00459,Jamal,Hall,jamal.hall459@example.com,Midwest,2024-10-06
C00460,Michael,Williams,michael.williams460@example.com,Midwest,2024-09-18
C00461,Yuki,Williams,yuki.williams461@example.com,Southeast,2024-10-12
C00462,Ava,Nguyen,ava.nguyen462@example.com,Northeast,2022-01-14
C00463,Wei,Lee,wei.lee463@example.com,Southwest,2023-11-06
C00464,Noah,Lee,noah.lee464@example.com,West,2023-10-19
C00465,Ava,Ali,ava.ali465@example.com,Midwest,2024-03-26
C00466,Carlos,Martinez,carlos.martinez466@example.com,Southwest,2023-05-12
C00467,Carlos,Hall,carlos.hall467@example.com,Southwest,2023-02-14
C00468,Ethan,Scott,ethan.scott468@example.com,West,2024-08-03
C00469,Anna,Miller,anna.miller469@example.com,Midwest,2022-05-22
C00470,Omar,Cohen,omar.cohen470@example.com,Southwest,2022-10-13
C00471,Priya,Martinez,priya.martinez471@example.com,Southeast,2024-02-12
C00472,Robert,Young,robert.young472@example.com,Southwest,2024-12-30
C00473,Liam,Rossi,liam.rossi473@example.com,Southwest,2024-01-07
C00474,Anna,Muller,anna.muller474@example.com,West,2022-06-24
C00475,Linda,Wang,linda.wang475@example.com,Midwest,2022-04-01
C00476,Ethan,Patel,ethan.patel476@example.com,Southwest,2023-11-11
C00477,Yuki,Allen,yuki.allen477@example.com,Northeast,2024-11-11
C00478,Lucas,Wright,lucas.wright478@example.com,West,2024-02-06
C00479,Wei,Young,wei.young479@example.com,West,2022-11-05
C00480,Aisha,Smith,aisha.smith480@example.com,Midwest,2022-06-25
C00481,Linda,Silva,linda.silva481@example.com,Southeast,2023-12-04
C00482,Noah,Kumar,noah.kumar482@example.com,Southwest,2022-07-19
C00483,Noah,Chen,noah.chen483@example.com,Midwest,2022-04-02
C00484,Yuki,Ali,yuki.ali484@example.com,Midwest,2022-12-03
C00485,Chen,Chen,chen.chen485@example.com,Southeast,2023-11-09
C00486,Sophia,Allen,sophia.allen486@example.com,Southeast,2023-01-13
C00487,Patricia,Patel,patricia.patel487@example.com,Southwest,2023-02-09
C00488,Noah,Torres,noah.torres488@example.com,Northeast,2023-02-26
C00489,William,Wang,william.wang489@example.com,Northeast,2023-01-18
C00490,Aisha,Lee,aisha.lee490@example.com,Northeast,2024-09-29
C00491,Liam,Patel,liam.patel491@example.com,Southwest,2022-08-22
C00492,Aisha,Walker,aisha.walker492@example.com,West,2023-09-02
C00493,Chen,Nguyen,chen.nguyen493@example.com,Southeast,2023-05-04
C00494,Elizabeth,Brown,elizabeth.brown494@example.com,Southeast,2024-05-06
C00495,Ava,Jones,ava.jones495@example.com,Southwest,2022-12-21
C00496,Sophia,Garcia,sophia.garcia496@example.com,Southeast,2024-07-12
C00497,Ava,Johnson,ava.johnson497@example.com,Northeast,2023-02-04
C00498,Omar,Hall,omar.hall498@example.com,West,2024-04-17
C00499,Jamal,King,jamal.king499@example.com,Southwest,2022-06-19
C00500,Ethan,Smith,ethan.smith500@example.com,Southeast,2023-07-17
C00501,Jennifer,Scott,jennifer.scott501@example.com,Southwest,2024-10-11
C00502,Sophia,Wright,sophia.wright502@example.com,Northeast,2024-01-22
C00503,Sophia,Silva,sophia.silva503@example.com,Southwest,2024-05-20
C00504,Linda,Chen,linda.chen504@example.com,Southeast,2022-03-08
C00505,Noah,Rodriguez,noah.rodriguez505@example.com,Northeast,2022-08-29
C00506,Mia,Kumar,mia.kumar506@example.com,West,2024-05-26
C00507,Patricia,Nguyen,patricia.nguyen507@example.com,Southeast,2022-05-02
C00508,Ethan,Walker,ethan.walker508@example.com,West,2023-10-25
C00509,Anna,Martinez,anna.martinez509@example.com,Midwest,2024-11-19
C00510,Diego,Kim,diego.kim510@example.com,Southeast,2024-04-22
C00511,Chen,Johnson,chen.johnson511@example.com,Southeast,2022-09-29
C00512,Jennifer,Jones,jennifer.jones512@example.com,Southeast,2024-03-15
C00513,Olivia,Jones,olivia.jones513@example.com,Midwest,2024-02-08
C00514,Noah,Williams,noah.williams514@example.com,Northeast,2023-07-24
C00515,Anna,Rossi,anna.rossi515@example.com,Southwest,2023-11-02
C00516,Ethan,Smith,ethan.smith516@example.com,Northeast,2024-07-27
C00517,Priya,Kim,priya.kim517@example.com,Northeast,2024-03-25
C00518,David,Allen,david.allen518@example.com,Southwest,2023-08-04
C00519,Carlos,Scott,carlos.scott519@example.com,West,2023-12-05
C00520,Diego,Kim,diego.kim520@example.com,Northeast,2024-07-30
C00521,James,Brown,james.brown521@example.com,Southeast,2022-01-02
C00522,Fatima,Miller,fatima.miller522@example.com,Southeast,2023-09-11
C00523,Patricia,Cohen,patricia.cohen523@example.com,Midwest,2024-01-09
C00524,William,Williams,william.williams524@example.com,Southeast,2023-09-18
C00525,Lucas,Ali,lucas.ali525@example.com,Southwest,2022-07-14
C00526,James,Miller,james.miller526@example.com,Southeast,2024-11-29
C00527,Jamal,Young,,Midwest,2024-05-14
C00528,Anna,Jones,anna.jones528@example.com,Southeast,2022-07-29
C00529,Linda,Lee,linda.lee529@example.com,Midwest,2022-09-30
C00530,Priya,Kim,priya.kim530@example.com,West,2022-12-03
C00531,Noah,Walker,noah.walker531@example.com,Southeast,2024-06-25
C00532,Grace,Miller,grace.miller532@example.com,Northeast,2022-09-10
C00533,Ethan,Chen,ethan.chen533@example.com,Southwest,2022-10-14
C00534,Jennifer,Rodriguez,jennifer.rodriguez534@example.com,Southeast,2023-08-07
C00535,Mia,Ali,,Midwest,2024-11-09
C00536,David,Chen,david.chen536@example.com,Northeast,2023-05-06
C00537,Olivia,Hall,olivia.hall537@example.com,Southwest,2022-05-26
C00538,Liam,Muller,liam.muller538@example.com,Midwest,2022-09-28
C00539,Wei,Cohen,wei.cohen539@example.com,Southwest,2022-12-20
C00540,Mia,King,mia.king540@example.com,,2022-05-19
C00541,James,Rodriguez,james.rodriguez541@example.com,Northeast,2024-03-26
C00542,Liam,Martinez,liam.martinez542@example.com,West,2024-05-17
C00543,Anna,Hall,anna.hall543@example.com,West,2022-11-09
C00544,William,Williams,william.williams544@example.com,West,2022-11-15
C00545,Sophia,Lee,sophia.lee545@example.com,Northeast,2024-06-14
C00546,Lucas,Cohen,lucas.cohen546@example.com,Southeast,2024-06-08
C00547,Linda,Young,linda.young547@example.com,Northeast,2022-12-26
C00548,Linda,Smith,linda.smith548@example.com,Northeast,2023-12-12
C00549,Liam,Wright,liam.wright549@example.com,Midwest,2022-09-17
C00550,Lucas,Wang,lucas.wang550@example.com,Northeast,2022-03-02
C00551,Carlos,Kumar,carlos.kumar551@example.com,West,2022-06-07
C00552,Olivia,Young,olivia.young552@example.com,Northeast,2022-12-08
C00553,Aisha,Garcia,aisha.garcia553@example.com,Northeast,2022-08-25
C00554,Jennifer,Chen,jennifer.chen554@example.com,Northeast,2022-01-26
C00555,Jennifer,Johnson,jennifer.johnson555@example.com,Southwest,2023-01-02
C00556,Chen,Cohen,chen.cohen556@example.com,Southwest,2023-05-24
C00557,Fatima,Rossi,fatima.rossi557@example.com,Midwest,2024-02-03
C00558,Linda,Wright,linda.wright558@example.com,Northeast,2024-11-22
C00559,Maria,Hall,maria.hall559@example.com,Southwest,2023-09-29
C00560,Carlos,Williams,carlos.williams560@example.com,Northeast,2023-08-21
C00561,Ethan,Kumar,ethan.kumar561@example.com,West,2024-01-25
C00562,Ethan,King,ethan.king562@example.com,Southeast,2023-05-18
C00563,Michael,Smith,michael.smith563@example.com,Northeast,2023-12-11
C00564,Priya,Silva,priya.silva564@example.com,Northeast,2022-01-03
C00565,Mia,Kim,mia.kim565@example.com,Midwest,2024-12-21
C00566,Jennifer,Allen,jennifer.allen566@example.com,Northeast,2022-10-19
C00567,Anna,Rodriguez,anna.rodriguez567@example.com,Southeast,2024-11-30
C00568,Fatima,Ali,fatima.ali568@example.com,Southwest,2022-06-23
C00569,Ethan,Brown,ethan.brown569@example.com,Southwest,2022-05-08
C00570,Fatima,Kim,fatima.kim570@example.com,Southeast,2023-10-08
C00571,Chen,Kumar,chen.kumar571@example.com,Midwest,2023-07-11
C00572,Jennifer,Williams,jennifer.williams572@example.com,Southeast,2022-08-12
C00573,Michael,Brown,michael.brown573@example.com,Southwest,2022-09-05
C00574,Sophia,Walker,sophia.walker574@example.com,Southeast,2024-08-06
C00575,William,Cohen,william.cohen575@example.com,Southeast,2023-09-16
C00576,Omar,Ali,omar.ali576@example.com,Northeast,2023-11-03
C00577,Michael,Williams,michael.williams577@example.com,Midwest,2022-04-11
C00578,Jamal,Martinez,jamal.martinez578@example.com,Southeast,2024-04-08
C00579,Grace,Young,grace.young579@example.com,West,2024-08-04
C00580,Linda,Kumar,linda.kumar580@example.com,,2023-04-01
C00581,Michael,Miller,michael.miller581@example.com,Midwest,2022-06-22
C00582,Ethan,Torres,ethan.torres582@example.com,Northeast,2022-05-13
C00583,David,Muller,david.muller583@example.com,Southeast,2023-11-11
C00584,Linda,Johnson,linda.johnson584@example.com,Northeast,2024-06-06
C00585,Omar,Chen,omar.chen585@example.com,Northeast,2024-05-23
C00586,Patricia,Walker,patricia.walker586@example.com,Southeast,2024-07-02
C00587,Diego,Jones,diego.jones587@example.com,West,2023-08-28
C00588,Olivia,Allen,olivia.allen588@example.com,Southwest,2023-07-27
C00589,Wei,Jones,wei.jones589@example.com,West,2022-02-09
C00590,Wei,Kumar,wei.kumar590@example.com,Southwest,2024-09-19
C00591,Aisha,Rossi,aisha.rossi591@example.com,Midwest,2023-01-04
C00592,James,Lee,james.lee592@example.com,Northeast,2023-07-30
C00593,Maria,Kumar,maria.kumar593@example.com,West,2023-04-22
C00594,Patricia,Brown,patricia.brown594@example.com,Southeast,2022-04-25
C00595,Mia,Davis,mia.davis595@example.com,Southwest,2022-12-22
C00596,Patricia,Davis,patricia.davis596@example.com,Midwest,2022-02-27
C00597,Anna,Ali,anna.ali597@example.com,West,2023-01-21
C00598,Omar,Kumar,omar.kumar598@example.com,Southwest,2022-12-26
C00599,Olivia,Johnson,olivia.johnson599@example.com,Southeast,2022-02-10
C00600,Liam,King,,West,2022-09-25
C00601,Carlos,Ali,carlos.ali601@example.com,Midwest,2022-10-30
C00602,Ethan,Ali,ethan.ali602@example.com,Northeast,2024-01-18
C00603,Robert,Walker,robert.walker603@example.com,Southwest,2023-11-21
C00604,Elizabeth,Lee,elizabeth.lee604@example.com,Southeast,2024-06-13
C00605,Yuki,Patel,yuki.patel605@example.com,Midwest,2024-01-01
C00606,Jennifer,Kim,jennifer.kim606@example.com,Southeast,2023-08-27
C00607,Michael,Garcia,michael.garcia607@example.com,West,2022-03-08
C00608,Patricia,Nguyen,patricia.nguyen608@example.com,West,2022-08-02
C00609,Chen,King,chen.king609@example.com,Northeast,2023-10-17
C00610,Patricia,Patel,patricia.patel610@example.com,Northeast,2023-11-19
C00611,Noah,Smith,noah.smith611@example.com,Southeast,2023-12-19
C00612,William,Kumar,william.kumar612@example.com,Northeast,2024-06-16
C00613,Lucas,Allen,lucas.allen613@example.com,Southwest,2024-02-15
C00614,Aisha,Scott,aisha.scott614@example.com,Southwest,2023-04-07
C00615,Patricia,Young,patricia.young615@example.com,Northeast,2023-10-15
C00616,William,Brown,william.brown616@example.com,Southeast,2022-11-26
C00617,Lucas,Williams,lucas.williams617@example.com,Northeast,2024-09-15
C00618,Anna,Smith,anna.smith618@example.com,Southeast,2024-06-08
C00619,Patricia,Johnson,patricia.johnson619@example.com,Southeast,2024-04-18
C00620,Anna,Scott,anna.scott620@example.com,West,2023-07-31
C00621,Elizabeth,Davis,elizabeth.davis621@example.com,Southwest,2024-10-02
C00622,Michael,Johnson,michael.johnson622@example.com,Southwest,2024-09-10
C00623,David,Brown,,Southeast,2022-06-17
C00624,Olivia,Cohen,olivia.cohen624@example.com,Southwest,2023-06-27
C00625,Robert,Patel,robert.patel625@example.com,Southeast,2024-02-21
C00626,Aisha,Garcia,aisha.garcia626@example.com,Midwest,2023-06-24
C00627,Jennifer,Silva,jennifer.silva627@example.com,Northeast,2022-07-18
C00628,Robert,Kim,robert.kim628@example.com,West,2023-04-11
C00629,Sophia,Johnson,sophia.johnson629@example.com,West,2024-08-30
C00630,Ethan,Muller,ethan.muller630@example.com,Midwest,2022-03-13
C00631,Liam,Torres,liam.torres631@example.com,West,2022-10-29
C00632,Linda,Wang,linda.wang632@example.com,Southeast,2023-01-30
C00633,Michael,Johnson,michael.johnson633@example.com,Southwest,2022-10-30
C00634,Omar,Nguyen,omar.nguyen634@example.com,Northeast,2024-03-24
C00635,Sophia,Lee,sophia.lee635@example.com,West,2022-01-26
C00636,Yuki,Ali,yuki.ali636@example.com,West,2022-08-19
C00637,Fatima,Jones,fatima.jones637@example.com,West,2022-07-25
C00638,Chen,Brown,chen.brown638@example.com,Northeast,2023-12-06
C00639,Diego,Allen,diego.allen639@example.com,Southwest,2024-08-26
C00640,Maria,Garcia,maria.garcia640@example.com,Southeast,2024-04-02
C00641,Maria,Hall,maria.hall641@example.com,Midwest,2022-04-11
C00642,Lucas,King,lucas.king642@example.com,Midwest,2023-09-13
C00643,Elizabeth,Rodriguez,elizabeth.rodriguez643@example.com,Northeast,2023-04-12
C00644,Michael,Martinez,michael.martinez644@example.com,Southwest,2023-10-20
C00645,William,Chen,william.chen645@example.com,Northeast,2023-03-09
C00646,Chen,Silva,chen.silva646@example.com,Southwest,2024-02-05
C00647,Omar,Johnson,omar.johnson647@example.com,Southeast,2024-11-03
C00648,Wei,Jones,wei.jones648@example.com,West,2022-03-01
C00649,Patricia,Miller,patricia.miller649@example.com,Southeast,2023-05-26
C00650,Maria,Young,maria.young650@example.com,Midwest,2023-07-16
